age,sex,cp,trestbps,chol,fbs,restecg,thalach,exang,oldpeak,slope,ca,thal,num
63.0,male,typ_angina,145.0,233.0,t,left_vent_hyper,150.0,no,2.3,down,0.0,fixed_defect,<50
67.0,male,asympt,160.0,286.0,f,left_vent_hyper,108.0,yes,1.5,flat,3.0,normal,>50_1
67.0,male,asympt,120.0,229.0,f,left_vent_hyper,129.0,yes,2.6,flat,2.0,reversable_defect,>50_1
37.0,male,non_anginal,130.0,250.0,f,normal,187.0,no,3.5,down,0.0,normal,<50
41.0,female,atyp_angina,130.0,204.0,f,left_vent_hyper,172.0,no,1.4,up,0.0,normal,<50
56.0,male,atyp_angina,120.0,236.0,f,normal,178.0,no,0.8,up,0.0,normal,<50
62.0,female,asympt,140.0,268.0,f,left_vent_hyper,160.0,no,3.6,down,2.0,normal,>50_1
57.0,female,asympt,120.0,354.0,f,normal,163.0,yes,0.6,up,0.0,normal,<50
63.0,male,asympt,130.0,254.0,f,left_vent_hyper,147.0,no,1.4,flat,1.0,reversable_defect,>50_1
53.0,male,asympt,140.0,203.0,t,left_vent_hyper,155.0,yes,3.1,down,0.0,reversable_defect,>50_1
57.0,male,asympt,140.0,192.0,f,normal,148.0,no,0.4,flat,0.0,fixed_defect,<50
56.0,female,atyp_angina,140.0,294.0,f,left_vent_hyper,153.0,no,1.3,flat,0.0,normal,<50
56.0,male,non_anginal,130.0,256.0,t,left_vent_hyper,142.0,yes,0.6,flat,1.0,fixed_defect,>50_1
44.0,male,atyp_angina,120.0,263.0,f,normal,173.0,no,0.0,up,0.0,reversable_defect,<50
52.0,male,non_anginal,172.0,199.0,t,normal,162.0,no,0.5,up,0.0,reversable_defect,<50
57.0,male,non_anginal,150.0,168.0,f,normal,174.0,no,1.6,up,0.0,normal,<50
48.0,male,atyp_angina,110.0,229.0,f,normal,168.0,no,1.0,down,0.0,reversable_defect,>50_1
54.0,male,asympt,140.0,239.0,f,normal,160.0,no,1.2,up,0.0,normal,<50
48.0,female,non_anginal,130.0,275.0,f,normal,139.0,no,0.2,up,0.0,normal,<50
49.0,male,atyp_angina,130.0,266.0,f,normal,171.0,no,0.6,up,0.0,normal,<50
64.0,male,typ_angina,110.0,211.0,f,left_vent_hyper,144.0,yes,1.8,flat,0.0,normal,<50
58.0,female,typ_angina,150.0,283.0,t,left_vent_hyper,162.0,no,1.0,up,0.0,normal,<50
58.0,male,atyp_angina,120.0,284.0,f,left_vent_hyper,160.0,no,1.8,flat,0.0,normal,>50_1
58.0,male,non_anginal,132.0,224.0,f,left_vent_hyper,173.0,no,3.2,up,2.0,reversable_defect,>50_1
60.0,male,asympt,130.0,206.0,f,left_vent_hyper,132.0,yes,2.4,flat,2.0,reversable_defect,>50_1
50.0,female,non_anginal,120.0,219.0,f,normal,158.0,no,1.6,flat,0.0,normal,<50
58.0,female,non_anginal,120.0,340.0,f,normal,172.0,no,0.0,up,0.0,normal,<50
66.0,female,typ_angina,150.0,226.0,f,normal,114.0,no,2.6,down,0.0,normal,<50
43.0,male,asympt,150.0,247.0,f,normal,171.0,no,1.5,up,0.0,normal,<50
40.0,male,asympt,110.0,167.0,f,left_vent_hyper,114.0,yes,2.0,flat,0.0,reversable_defect,>50_1
69.0,female,typ_angina,140.0,239.0,f,normal,151.0,no,1.8,up,2.0,normal,<50
60.0,male,asympt,117.0,230.0,t,normal,160.0,yes,1.4,up,2.0,reversable_defect,>50_1
64.0,male,non_anginal,140.0,335.0,f,normal,158.0,no,0.0,up,0.0,normal,>50_1
59.0,male,asympt,135.0,234.0,f,normal,161.0,no,0.5,flat,0.0,reversable_defect,<50
44.0,male,non_anginal,130.0,233.0,f,normal,179.0,yes,0.4,up,0.0,normal,<50
42.0,male,asympt,140.0,226.0,f,normal,178.0,no,0.0,up,0.0,normal,<50
43.0,male,asympt,120.0,177.0,f,left_vent_hyper,120.0,yes,2.5,flat,0.0,reversable_defect,>50_1
57.0,male,asympt,150.0,276.0,f,left_vent_hyper,112.0,yes,0.6,flat,1.0,fixed_defect,>50_1
55.0,male,asympt,132.0,353.0,f,normal,132.0,yes,1.2,flat,1.0,reversable_defect,>50_1
61.0,male,non_anginal,150.0,243.0,t,normal,137.0,yes,1.0,flat,0.0,normal,<50
65.0,female,asympt,150.0,225.0,f,left_vent_hyper,114.0,no,1.0,flat,3.0,reversable_defect,>50_1
40.0,male,typ_angina,140.0,199.0,f,normal,178.0,yes,1.4,up,0.0,reversable_defect,<50
71.0,female,atyp_angina,160.0,302.0,f,normal,162.0,no,0.4,up,2.0,normal,<50
59.0,male,non_anginal,150.0,212.0,t,normal,157.0,no,1.6,up,0.0,normal,<50
61.0,female,asympt,130.0,330.0,f,left_vent_hyper,169.0,no,0.0,up,0.0,normal,>50_1
58.0,male,non_anginal,112.0,230.0,f,left_vent_hyper,165.0,no,2.5,flat,1.0,reversable_defect,>50_1
51.0,male,non_anginal,110.0,175.0,f,normal,123.0,no,0.6,up,0.0,normal,<50
50.0,male,asympt,150.0,243.0,f,left_vent_hyper,128.0,no,2.6,flat,0.0,reversable_defect,>50_1
65.0,female,non_anginal,140.0,417.0,t,left_vent_hyper,157.0,no,0.8,up,1.0,normal,<50
53.0,male,non_anginal,130.0,197.0,t,left_vent_hyper,152.0,no,1.2,down,0.0,normal,<50
41.0,female,atyp_angina,105.0,198.0,f,normal,168.0,no,0.0,up,1.0,normal,<50
65.0,male,asympt,120.0,177.0,f,normal,140.0,no,0.4,up,0.0,reversable_defect,<50
44.0,male,asympt,112.0,290.0,f,left_vent_hyper,153.0,no,0.0,up,1.0,normal,>50_1
44.0,male,atyp_angina,130.0,219.0,f,left_vent_hyper,188.0,no,0.0,up,0.0,normal,<50
60.0,male,asympt,130.0,253.0,f,normal,144.0,yes,1.4,up,1.0,reversable_defect,>50_1
54.0,male,asympt,124.0,266.0,f,left_vent_hyper,109.0,yes,2.2,flat,1.0,reversable_defect,>50_1
50.0,male,non_anginal,140.0,233.0,f,normal,163.0,no,0.6,flat,1.0,reversable_defect,>50_1
41.0,male,asympt,110.0,172.0,f,left_vent_hyper,158.0,no,0.0,up,0.0,reversable_defect,>50_1
54.0,male,non_anginal,125.0,273.0,f,left_vent_hyper,152.0,no,0.5,down,1.0,normal,<50
51.0,male,typ_angina,125.0,213.0,f,left_vent_hyper,125.0,yes,1.4,up,1.0,normal,<50
51.0,female,asympt,130.0,305.0,f,normal,142.0,yes,1.2,flat,0.0,reversable_defect,>50_1
46.0,female,non_anginal,142.0,177.0,f,left_vent_hyper,160.0,yes,1.4,down,0.0,normal,<50
58.0,male,asympt,128.0,216.0,f,left_vent_hyper,131.0,yes,2.2,flat,3.0,reversable_defect,>50_1
54.0,female,non_anginal,135.0,304.0,t,normal,170.0,no,0.0,up,0.0,normal,<50
54.0,male,asympt,120.0,188.0,f,normal,113.0,no,1.4,flat,1.0,reversable_defect,>50_1
60.0,male,asympt,145.0,282.0,f,left_vent_hyper,142.0,yes,2.8,flat,2.0,reversable_defect,>50_1
60.0,male,non_anginal,140.0,185.0,f,left_vent_hyper,155.0,no,3.0,flat,0.0,normal,>50_1
54.0,male,non_anginal,150.0,232.0,f,left_vent_hyper,165.0,no,1.6,up,0.0,reversable_defect,<50
59.0,male,asympt,170.0,326.0,f,left_vent_hyper,140.0,yes,3.4,down,0.0,reversable_defect,>50_1
46.0,male,non_anginal,150.0,231.0,f,normal,147.0,no,3.6,flat,0.0,normal,>50_1
65.0,female,non_anginal,155.0,269.0,f,normal,148.0,no,0.8,up,0.0,normal,<50
67.0,male,asympt,125.0,254.0,t,normal,163.0,no,0.2,flat,2.0,reversable_defect,>50_1
62.0,male,asympt,120.0,267.0,f,normal,99.0,yes,1.8,flat,2.0,reversable_defect,>50_1
65.0,male,asympt,110.0,248.0,f,left_vent_hyper,158.0,no,0.6,up,2.0,fixed_defect,>50_1
44.0,male,asympt,110.0,197.0,f,left_vent_hyper,177.0,no,0.0,up,1.0,normal,>50_1
65.0,female,non_anginal,160.0,360.0,f,left_vent_hyper,151.0,no,0.8,up,0.0,normal,<50
60.0,male,asympt,125.0,258.0,f,left_vent_hyper,141.0,yes,2.8,flat,1.0,reversable_defect,>50_1
51.0,female,non_anginal,140.0,308.0,f,left_vent_hyper,142.0,no,1.5,up,1.0,normal,<50
48.0,male,atyp_angina,130.0,245.0,f,left_vent_hyper,180.0,no,0.2,flat,0.0,normal,<50
58.0,male,asympt,150.0,270.0,f,left_vent_hyper,111.0,yes,0.8,up,0.0,reversable_defect,>50_1
45.0,male,asympt,104.0,208.0,f,left_vent_hyper,148.0,yes,3.0,flat,0.0,normal,<50
53.0,female,asympt,130.0,264.0,f,left_vent_hyper,143.0,no,0.4,flat,0.0,normal,<50
39.0,male,non_anginal,140.0,321.0,f,left_vent_hyper,182.0,no,0.0,up,0.0,normal,<50
68.0,male,non_anginal,180.0,274.0,t,left_vent_hyper,150.0,yes,1.6,flat,0.0,reversable_defect,>50_1
52.0,male,atyp_angina,120.0,325.0,f,normal,172.0,no,0.2,up,0.0,normal,<50
44.0,male,non_anginal,140.0,235.0,f,left_vent_hyper,180.0,no,0.0,up,0.0,normal,<50
47.0,male,non_anginal,138.0,257.0,f,left_vent_hyper,156.0,no,0.0,up,0.0,normal,<50
53.0,female,non_anginal,128.0,216.0,f,left_vent_hyper,115.0,no,0.0,up,0.0,,<50
53.0,female,asympt,138.0,234.0,f,left_vent_hyper,160.0,no,0.0,up,0.0,normal,<50
51.0,female,non_anginal,130.0,256.0,f,left_vent_hyper,149.0,no,0.5,up,0.0,normal,<50
66.0,male,asympt,120.0,302.0,f,left_vent_hyper,151.0,no,0.4,flat,0.0,normal,<50
62.0,female,asympt,160.0,164.0,f,left_vent_hyper,145.0,no,6.2,down,3.0,reversable_defect,>50_1
62.0,male,non_anginal,130.0,231.0,f,normal,146.0,no,1.8,flat,3.0,reversable_defect,<50
44.0,female,non_anginal,108.0,141.0,f,normal,175.0,no,0.6,flat,0.0,normal,<50
63.0,female,non_anginal,135.0,252.0,f,left_vent_hyper,172.0,no,0.0,up,0.0,normal,<50
52.0,male,asympt,128.0,255.0,f,normal,161.0,yes,0.0,up,1.0,reversable_defect,>50_1
59.0,male,asympt,110.0,239.0,f,left_vent_hyper,142.0,yes,1.2,flat,1.0,reversable_defect,>50_1
60.0,female,asympt,150.0,258.0,f,left_vent_hyper,157.0,no,2.6,flat,2.0,reversable_defect,>50_1
52.0,male,atyp_angina,134.0,201.0,f,normal,158.0,no,0.8,up,1.0,normal,<50
48.0,male,asympt,122.0,222.0,f,left_vent_hyper,186.0,no,0.0,up,0.0,normal,<50
45.0,male,asympt,115.0,260.0,f,left_vent_hyper,185.0,no,0.0,up,0.0,normal,<50
34.0,male,typ_angina,118.0,182.0,f,left_vent_hyper,174.0,no,0.0,up,0.0,normal,<50
57.0,female,asympt,128.0,303.0,f,left_vent_hyper,159.0,no,0.0,up,1.0,normal,<50
71.0,female,non_anginal,110.0,265.0,t,left_vent_hyper,130.0,no,0.0,up,1.0,normal,<50
49.0,male,non_anginal,120.0,188.0,f,normal,139.0,no,2.0,flat,3.0,reversable_defect,>50_1
54.0,male,atyp_angina,108.0,309.0,f,normal,156.0,no,0.0,up,0.0,reversable_defect,<50
59.0,male,asympt,140.0,177.0,f,normal,162.0,yes,0.0,up,1.0,reversable_defect,>50_1
57.0,male,non_anginal,128.0,229.0,f,left_vent_hyper,150.0,no,0.4,flat,1.0,reversable_defect,>50_1
61.0,male,asympt,120.0,260.0,f,normal,140.0,yes,3.6,flat,1.0,reversable_defect,>50_1
39.0,male,asympt,118.0,219.0,f,normal,140.0,no,1.2,flat,0.0,reversable_defect,>50_1
61.0,female,asympt,145.0,307.0,f,left_vent_hyper,146.0,yes,1.0,flat,0.0,reversable_defect,>50_1
56.0,male,asympt,125.0,249.0,t,left_vent_hyper,144.0,yes,1.2,flat,1.0,normal,>50_1
52.0,male,typ_angina,118.0,186.0,f,left_vent_hyper,190.0,no,0.0,flat,0.0,fixed_defect,<50
43.0,female,asympt,132.0,341.0,t,left_vent_hyper,136.0,yes,3.0,flat,0.0,reversable_defect,>50_1
62.0,female,non_anginal,130.0,263.0,f,normal,97.0,no,1.2,flat,1.0,reversable_defect,>50_1
41.0,male,atyp_angina,135.0,203.0,f,normal,132.0,no,0.0,flat,0.0,fixed_defect,<50
58.0,male,non_anginal,140.0,211.0,t,left_vent_hyper,165.0,no,0.0,up,0.0,normal,<50
35.0,female,asympt,138.0,183.0,f,normal,182.0,no,1.4,up,0.0,normal,<50
63.0,male,asympt,130.0,330.0,t,left_vent_hyper,132.0,yes,1.8,up,3.0,reversable_defect,>50_1
65.0,male,asympt,135.0,254.0,f,left_vent_hyper,127.0,no,2.8,flat,1.0,reversable_defect,>50_1
48.0,male,asympt,130.0,256.0,t,left_vent_hyper,150.0,yes,0.0,up,2.0,reversable_defect,>50_1
63.0,female,asympt,150.0,407.0,f,left_vent_hyper,154.0,no,4.0,flat,3.0,reversable_defect,>50_1
51.0,male,non_anginal,100.0,222.0,f,normal,143.0,yes,1.2,flat,0.0,normal,<50
55.0,male,asympt,140.0,217.0,f,normal,111.0,yes,5.6,down,0.0,reversable_defect,>50_1
65.0,male,typ_angina,138.0,282.0,t,left_vent_hyper,174.0,no,1.4,flat,1.0,normal,>50_1
45.0,female,atyp_angina,130.0,234.0,f,left_vent_hyper,175.0,no,0.6,flat,0.0,normal,<50
56.0,female,asympt,200.0,288.0,t,left_vent_hyper,133.0,yes,4.0,down,2.0,reversable_defect,>50_1
54.0,male,asympt,110.0,239.0,f,normal,126.0,yes,2.8,flat,1.0,reversable_defect,>50_1
44.0,male,atyp_angina,120.0,220.0,f,normal,170.0,no,0.0,up,0.0,normal,<50
62.0,female,asympt,124.0,209.0,f,normal,163.0,no,0.0,up,0.0,normal,<50
54.0,male,non_anginal,120.0,258.0,f,left_vent_hyper,147.0,no,0.4,flat,0.0,reversable_defect,<50
51.0,male,non_anginal,94.0,227.0,f,normal,154.0,yes,0.0,up,1.0,reversable_defect,<50
29.0,male,atyp_angina,130.0,204.0,f,left_vent_hyper,202.0,no,0.0,up,0.0,normal,<50
51.0,male,asympt,140.0,261.0,f,left_vent_hyper,186.0,yes,0.0,up,0.0,normal,<50
43.0,female,non_anginal,122.0,213.0,f,normal,165.0,no,0.2,flat,0.0,normal,<50
55.0,female,atyp_angina,135.0,250.0,f,left_vent_hyper,161.0,no,1.4,flat,0.0,normal,<50
70.0,male,asympt,145.0,174.0,f,normal,125.0,yes,2.6,down,0.0,reversable_defect,>50_1
62.0,male,atyp_angina,120.0,281.0,f,left_vent_hyper,103.0,no,1.4,flat,1.0,reversable_defect,>50_1
35.0,male,asympt,120.0,198.0,f,normal,130.0,yes,1.6,flat,0.0,reversable_defect,>50_1
51.0,male,non_anginal,125.0,245.0,t,left_vent_hyper,166.0,no,2.4,flat,0.0,normal,<50
59.0,male,atyp_angina,140.0,221.0,f,normal,164.0,yes,0.0,up,0.0,normal,<50
59.0,male,typ_angina,170.0,288.0,f,left_vent_hyper,159.0,no,0.2,flat,0.0,reversable_defect,>50_1
52.0,male,atyp_angina,128.0,205.0,t,normal,184.0,no,0.0,up,0.0,normal,<50
64.0,male,non_anginal,125.0,309.0,f,normal,131.0,yes,1.8,flat,0.0,reversable_defect,>50_1
58.0,male,non_anginal,105.0,240.0,f,left_vent_hyper,154.0,yes,0.6,flat,0.0,reversable_defect,<50
47.0,male,non_anginal,108.0,243.0,f,normal,152.0,no,0.0,up,0.0,normal,>50_1
57.0,male,asympt,165.0,289.0,t,left_vent_hyper,124.0,no,1.0,flat,3.0,reversable_defect,>50_1
41.0,male,non_anginal,112.0,250.0,f,normal,179.0,no,0.0,up,0.0,normal,<50
45.0,male,atyp_angina,128.0,308.0,f,left_vent_hyper,170.0,no,0.0,up,0.0,normal,<50
60.0,female,non_anginal,102.0,318.0,f,normal,160.0,no,0.0,up,1.0,normal,<50
52.0,male,typ_angina,152.0,298.0,t,normal,178.0,no,1.2,flat,0.0,reversable_defect,<50
42.0,female,asympt,102.0,265.0,f,left_vent_hyper,122.0,no,0.6,flat,0.0,normal,<50
67.0,female,non_anginal,115.0,564.0,f,left_vent_hyper,160.0,no,1.6,flat,0.0,reversable_defect,<50
55.0,male,asympt,160.0,289.0,f,left_vent_hyper,145.0,yes,0.8,flat,1.0,reversable_defect,>50_1
64.0,male,asympt,120.0,246.0,f,left_vent_hyper,96.0,yes,2.2,down,1.0,normal,>50_1
70.0,male,asympt,130.0,322.0,f,left_vent_hyper,109.0,no,2.4,flat,3.0,normal,>50_1
51.0,male,asympt,140.0,299.0,f,normal,173.0,yes,1.6,up,0.0,reversable_defect,>50_1
58.0,male,asympt,125.0,300.0,f,left_vent_hyper,171.0,no,0.0,up,2.0,reversable_defect,>50_1
60.0,male,asympt,140.0,293.0,f,left_vent_hyper,170.0,no,1.2,flat,2.0,reversable_defect,>50_1
68.0,male,non_anginal,118.0,277.0,f,normal,151.0,no,1.0,up,1.0,reversable_defect,<50
46.0,male,atyp_angina,101.0,197.0,t,normal,156.0,no,0.0,up,0.0,reversable_defect,<50
77.0,male,asympt,125.0,304.0,f,left_vent_hyper,162.0,yes,0.0,up,3.0,normal,>50_1
54.0,female,non_anginal,110.0,214.0,f,normal,158.0,no,1.6,flat,0.0,normal,<50
58.0,female,asympt,100.0,248.0,f,left_vent_hyper,122.0,no,1.0,flat,0.0,normal,<50
48.0,male,non_anginal,124.0,255.0,t,normal,175.0,no,0.0,up,2.0,normal,<50
57.0,male,asympt,132.0,207.0,f,normal,168.0,yes,0.0,up,0.0,reversable_defect,<50
52.0,male,non_anginal,138.0,223.0,f,normal,169.0,no,0.0,up,,normal,<50
54.0,female,atyp_angina,132.0,288.0,t,left_vent_hyper,159.0,yes,0.0,up,1.0,normal,<50
35.0,male,asympt,126.0,282.0,f,left_vent_hyper,156.0,yes,0.0,up,0.0,reversable_defect,>50_1
45.0,female,atyp_angina,112.0,160.0,f,normal,138.0,no,0.0,flat,0.0,normal,<50
70.0,male,non_anginal,160.0,269.0,f,normal,112.0,yes,2.9,flat,1.0,reversable_defect,>50_1
53.0,male,asympt,142.0,226.0,f,left_vent_hyper,111.0,yes,0.0,up,0.0,reversable_defect,<50
59.0,female,asympt,174.0,249.0,f,normal,143.0,yes,0.0,flat,0.0,normal,>50_1
62.0,female,asympt,140.0,394.0,f,left_vent_hyper,157.0,no,1.2,flat,0.0,normal,<50
64.0,male,asympt,145.0,212.0,f,left_vent_hyper,132.0,no,2.0,flat,2.0,fixed_defect,>50_1
57.0,male,asympt,152.0,274.0,f,normal,88.0,yes,1.2,flat,1.0,reversable_defect,>50_1
52.0,male,asympt,108.0,233.0,t,normal,147.0,no,0.1,up,3.0,reversable_defect,<50
56.0,male,asympt,132.0,184.0,f,left_vent_hyper,105.0,yes,2.1,flat,1.0,fixed_defect,>50_1
43.0,male,non_anginal,130.0,315.0,f,normal,162.0,no,1.9,up,1.0,normal,<50
53.0,male,non_anginal,130.0,246.0,t,left_vent_hyper,173.0,no,0.0,up,3.0,normal,<50
48.0,male,asympt,124.0,274.0,f,left_vent_hyper,166.0,no,0.5,flat,0.0,reversable_defect,>50_1
56.0,female,asympt,134.0,409.0,f,left_vent_hyper,150.0,yes,1.9,flat,2.0,reversable_defect,>50_1
42.0,male,typ_angina,148.0,244.0,f,left_vent_hyper,178.0,no,0.8,up,2.0,normal,<50
59.0,male,typ_angina,178.0,270.0,f,left_vent_hyper,145.0,no,4.2,down,0.0,reversable_defect,<50
63.0,female,atyp_angina,140.0,195.0,f,normal,179.0,no,0.0,up,2.0,normal,<50
42.0,male,non_anginal,120.0,240.0,t,normal,194.0,no,0.8,down,0.0,reversable_defect,<50
66.0,male,atyp_angina,160.0,246.0,f,normal,120.0,yes,0.0,flat,3.0,fixed_defect,>50_1
54.0,male,atyp_angina,192.0,283.0,f,left_vent_hyper,195.0,no,0.0,up,1.0,reversable_defect,>50_1
69.0,male,non_anginal,140.0,254.0,f,left_vent_hyper,146.0,no,2.0,flat,3.0,reversable_defect,>50_1
50.0,male,non_anginal,129.0,196.0,f,normal,163.0,no,0.0,up,0.0,normal,<50
51.0,male,asympt,140.0,298.0,f,normal,122.0,yes,4.2,flat,3.0,reversable_defect,>50_1
43.0,male,asympt,132.0,247.0,t,left_vent_hyper,143.0,yes,0.1,flat,,reversable_defect,>50_1
62.0,female,asympt,138.0,294.0,t,normal,106.0,no,1.9,flat,3.0,normal,>50_1
68.0,female,non_anginal,120.0,211.0,f,left_vent_hyper,115.0,no,1.5,flat,0.0,normal,<50
67.0,male,asympt,100.0,299.0,f,left_vent_hyper,125.0,yes,0.9,flat,2.0,normal,>50_1
69.0,male,typ_angina,160.0,234.0,t,left_vent_hyper,131.0,no,0.1,flat,1.0,normal,<50
45.0,female,asympt,138.0,236.0,f,left_vent_hyper,152.0,yes,0.2,flat,0.0,normal,<50
50.0,female,atyp_angina,120.0,244.0,f,normal,162.0,no,1.1,up,0.0,normal,<50
59.0,male,typ_angina,160.0,273.0,f,left_vent_hyper,125.0,no,0.0,up,0.0,normal,>50_1
50.0,female,asympt,110.0,254.0,f,left_vent_hyper,159.0,no,0.0,up,0.0,normal,<50
64.0,female,asympt,180.0,325.0,f,normal,154.0,yes,0.0,up,0.0,normal,<50
57.0,male,non_anginal,150.0,126.0,t,normal,173.0,no,0.2,up,1.0,reversable_defect,<50
64.0,female,non_anginal,140.0,313.0,f,normal,133.0,no,0.2,up,0.0,reversable_defect,<50
43.0,male,asympt,110.0,211.0,f,normal,161.0,no,0.0,up,0.0,reversable_defect,<50
45.0,male,asympt,142.0,309.0,f,left_vent_hyper,147.0,yes,0.0,flat,3.0,reversable_defect,>50_1
58.0,male,asympt,128.0,259.0,f,left_vent_hyper,130.0,yes,3.0,flat,2.0,reversable_defect,>50_1
50.0,male,asympt,144.0,200.0,f,left_vent_hyper,126.0,yes,0.9,flat,0.0,reversable_defect,>50_1
55.0,male,atyp_angina,130.0,262.0,f,normal,155.0,no,0.0,up,0.0,normal,<50
62.0,female,asympt,150.0,244.0,f,normal,154.0,yes,1.4,flat,0.0,normal,>50_1
37.0,female,non_anginal,120.0,215.0,f,normal,170.0,no,0.0,up,0.0,normal,<50
38.0,male,typ_angina,120.0,231.0,f,normal,182.0,yes,3.8,flat,0.0,reversable_defect,>50_1
41.0,male,non_anginal,130.0,214.0,f,left_vent_hyper,168.0,no,2.0,flat,0.0,normal,<50
66.0,female,asympt,178.0,228.0,t,normal,165.0,yes,1.0,flat,2.0,reversable_defect,>50_1
52.0,male,asympt,112.0,230.0,f,normal,160.0,no,0.0,up,1.0,normal,>50_1
56.0,male,typ_angina,120.0,193.0,f,left_vent_hyper,162.0,no,1.9,flat,0.0,reversable_defect,<50
46.0,female,atyp_angina,105.0,204.0,f,normal,172.0,no,0.0,up,0.0,normal,<50
46.0,female,asympt,138.0,243.0,f,left_vent_hyper,152.0,yes,0.0,flat,0.0,normal,<50
64.0,female,asympt,130.0,303.0,f,normal,122.0,no,2.0,flat,2.0,normal,<50
59.0,male,asympt,138.0,271.0,f,left_vent_hyper,182.0,no,0.0,up,0.0,normal,<50
41.0,female,non_anginal,112.0,268.0,f,left_vent_hyper,172.0,yes,0.0,up,0.0,normal,<50
54.0,female,non_anginal,108.0,267.0,f,left_vent_hyper,167.0,no,0.0,up,0.0,normal,<50
39.0,female,non_anginal,94.0,199.0,f,normal,179.0,no,0.0,up,0.0,normal,<50
53.0,male,asympt,123.0,282.0,f,normal,95.0,yes,2.0,flat,2.0,reversable_defect,>50_1
63.0,female,asympt,108.0,269.0,f,normal,169.0,yes,1.8,flat,2.0,normal,>50_1
34.0,female,atyp_angina,118.0,210.0,f,normal,192.0,no,0.7,up,0.0,normal,<50
47.0,male,asympt,112.0,204.0,f,normal,143.0,no,0.1,up,0.0,normal,<50
67.0,female,non_anginal,152.0,277.0,f,normal,172.0,no,0.0,up,1.0,normal,<50
54.0,male,asympt,110.0,206.0,f,left_vent_hyper,108.0,yes,0.0,flat,1.0,normal,>50_1
66.0,male,asympt,112.0,212.0,f,left_vent_hyper,132.0,yes,0.1,up,1.0,normal,>50_1
52.0,female,non_anginal,136.0,196.0,f,left_vent_hyper,169.0,no,0.1,flat,0.0,normal,<50
55.0,female,asympt,180.0,327.0,f,st_t_wave_abnormality,117.0,yes,3.4,flat,0.0,normal,>50_1
49.0,male,non_anginal,118.0,149.0,f,left_vent_hyper,126.0,no,0.8,up,3.0,normal,>50_1
74.0,female,atyp_angina,120.0,269.0,f,left_vent_hyper,121.0,yes,0.2,up,1.0,normal,<50
54.0,female,non_anginal,160.0,201.0,f,normal,163.0,no,0.0,up,1.0,normal,<50
54.0,male,asympt,122.0,286.0,f,left_vent_hyper,116.0,yes,3.2,flat,2.0,normal,>50_1
56.0,male,asympt,130.0,283.0,t,left_vent_hyper,103.0,yes,1.6,down,0.0,reversable_defect,>50_1
46.0,male,asympt,120.0,249.0,f,left_vent_hyper,144.0,no,0.8,up,0.0,reversable_defect,>50_1
49.0,female,atyp_angina,134.0,271.0,f,normal,162.0,no,0.0,flat,0.0,normal,<50
42.0,male,atyp_angina,120.0,295.0,f,normal,162.0,no,0.0,up,0.0,normal,<50
41.0,male,atyp_angina,110.0,235.0,f,normal,153.0,no,0.0,up,0.0,normal,<50
41.0,female,atyp_angina,126.0,306.0,f,normal,163.0,no,0.0,up,0.0,normal,<50
49.0,female,asympt,130.0,269.0,f,normal,163.0,no,0.0,up,0.0,normal,<50
61.0,male,typ_angina,134.0,234.0,f,normal,145.0,no,2.6,flat,2.0,normal,>50_1
60.0,female,non_anginal,120.0,178.0,t,normal,96.0,no,0.0,up,0.0,normal,<50
67.0,male,asympt,120.0,237.0,f,normal,71.0,no,1.0,flat,0.0,normal,>50_1
58.0,male,asympt,100.0,234.0,f,normal,156.0,no,0.1,up,1.0,reversable_defect,>50_1
47.0,male,asympt,110.0,275.0,f,left_vent_hyper,118.0,yes,1.0,flat,1.0,normal,>50_1
52.0,male,asympt,125.0,212.0,f,normal,168.0,no,1.0,up,2.0,reversable_defect,>50_1
62.0,male,atyp_angina,128.0,208.0,t,left_vent_hyper,140.0,no,0.0,up,0.0,normal,<50
57.0,male,asympt,110.0,201.0,f,normal,126.0,yes,1.5,flat,0.0,fixed_defect,<50
58.0,male,asympt,146.0,218.0,f,normal,105.0,no,2.0,flat,1.0,reversable_defect,>50_1
64.0,male,asympt,128.0,263.0,f,normal,105.0,yes,0.2,flat,1.0,reversable_defect,<50
51.0,female,non_anginal,120.0,295.0,f,left_vent_hyper,157.0,no,0.6,up,0.0,normal,<50
43.0,male,asympt,115.0,303.0,f,normal,181.0,no,1.2,flat,0.0,normal,<50
42.0,female,non_anginal,120.0,209.0,f,normal,173.0,no,0.0,flat,0.0,normal,<50
67.0,female,asympt,106.0,223.0,f,normal,142.0,no,0.3,up,2.0,normal,<50
76.0,female,non_anginal,140.0,197.0,f,st_t_wave_abnormality,116.0,no,1.1,flat,0.0,normal,<50
70.0,male,atyp_angina,156.0,245.0,f,left_vent_hyper,143.0,no,0.0,up,0.0,normal,<50
57.0,male,atyp_angina,124.0,261.0,f,normal,141.0,no,0.3,up,0.0,reversable_defect,>50_1
44.0,female,non_anginal,118.0,242.0,f,normal,149.0,no,0.3,flat,1.0,normal,<50
58.0,female,atyp_angina,136.0,319.0,t,left_vent_hyper,152.0,no,0.0,up,2.0,normal,>50_1
60.0,female,typ_angina,150.0,240.0,f,normal,171.0,no,0.9,up,0.0,normal,<50
44.0,male,non_anginal,120.0,226.0,f,normal,169.0,no,0.0,up,0.0,normal,<50
61.0,male,asympt,138.0,166.0,f,left_vent_hyper,125.0,yes,3.6,flat,1.0,normal,>50_1
42.0,male,asympt,136.0,315.0,f,normal,125.0,yes,1.8,flat,0.0,fixed_defect,>50_1
52.0,male,asympt,128.0,204.0,t,normal,156.0,yes,1.0,flat,0.0,,>50_1
59.0,male,non_anginal,126.0,218.0,t,normal,134.0,no,2.2,flat,1.0,fixed_defect,>50_1
40.0,male,asympt,152.0,223.0,f,normal,181.0,no,0.0,up,0.0,reversable_defect,>50_1
42.0,male,non_anginal,130.0,180.0,f,normal,150.0,no,0.0,up,0.0,normal,<50
61.0,male,asympt,140.0,207.0,f,left_vent_hyper,138.0,yes,1.9,up,1.0,reversable_defect,>50_1
66.0,male,asympt,160.0,228.0,f,left_vent_hyper,138.0,no,2.3,up,0.0,fixed_defect,<50
46.0,male,asympt,140.0,311.0,f,normal,120.0,yes,1.8,flat,2.0,reversable_defect,>50_1
71.0,female,asympt,112.0,149.0,f,normal,125.0,no,1.6,flat,0.0,normal,<50
59.0,male,typ_angina,134.0,204.0,f,normal,162.0,no,0.8,up,2.0,normal,>50_1
64.0,male,typ_angina,170.0,227.0,f,left_vent_hyper,155.0,no,0.6,flat,0.0,reversable_defect,<50
66.0,female,non_anginal,146.0,278.0,f,left_vent_hyper,152.0,no,0.0,flat,1.0,normal,<50
39.0,female,non_anginal,138.0,220.0,f,normal,152.0,no,0.0,flat,0.0,normal,<50
57.0,male,atyp_angina,154.0,232.0,f,left_vent_hyper,164.0,no,0.0,up,1.0,normal,>50_1
58.0,female,asympt,130.0,197.0,f,normal,131.0,no,0.6,flat,0.0,normal,<50
57.0,male,asympt,110.0,335.0,f,normal,143.0,yes,3.0,flat,1.0,reversable_defect,>50_1
47.0,male,non_anginal,130.0,253.0,f,normal,179.0,no,0.0,up,0.0,normal,<50
55.0,female,asympt,128.0,205.0,f,st_t_wave_abnormality,130.0,yes,2.0,flat,1.0,reversable_defect,>50_1
35.0,male,atyp_angina,122.0,192.0,f,normal,174.0,no,0.0,up,0.0,normal,<50
61.0,male,asympt,148.0,203.0,f,normal,161.0,no,0.0,up,1.0,reversable_defect,>50_1
58.0,male,asympt,114.0,318.0,f,st_t_wave_abnormality,140.0,no,4.4,down,3.0,fixed_defect,>50_1
58.0,female,asympt,170.0,225.0,t,left_vent_hyper,146.0,yes,2.8,flat,2.0,fixed_defect,>50_1
58.0,male,atyp_angina,125.0,220.0,f,normal,144.0,no,0.4,flat,,reversable_defect,<50
56.0,male,atyp_angina,130.0,221.0,f,left_vent_hyper,163.0,no,0.0,up,0.0,reversable_defect,<50
56.0,male,atyp_angina,120.0,240.0,f,normal,169.0,no,0.0,down,0.0,normal,<50
67.0,male,non_anginal,152.0,212.0,f,left_vent_hyper,150.0,no,0.8,flat,0.0,reversable_defect,>50_1
55.0,female,atyp_angina,132.0,342.0,f,normal,166.0,no,1.2,up,0.0,normal,<50
44.0,male,asympt,120.0,169.0,f,normal,144.0,yes,2.8,down,0.0,fixed_defect,>50_1
63.0,male,asympt,140.0,187.0,f,left_vent_hyper,144.0,yes,4.0,up,2.0,reversable_defect,>50_1
63.0,female,asympt,124.0,197.0,f,normal,136.0,yes,0.0,flat,0.0,normal,>50_1
41.0,male,atyp_angina,120.0,157.0,f,normal,182.0,no,0.0,up,0.0,normal,<50
59.0,male,asympt,164.0,176.0,t,left_vent_hyper,90.0,no,1.0,flat,2.0,fixed_defect,>50_1
57.0,female,asympt,140.0,241.0,f,normal,123.0,yes,0.2,flat,0.0,reversable_defect,>50_1
45.0,male,typ_angina,110.0,264.0,f,normal,132.0,no,1.2,flat,0.0,reversable_defect,>50_1
68.0,male,asympt,144.0,193.0,t,normal,141.0,no,3.4,flat,2.0,reversable_defect,>50_1
57.0,male,asympt,130.0,131.0,f,normal,115.0,yes,1.2,flat,1.0,reversable_defect,>50_1
57.0,female,atyp_angina,130.0,236.0,f,left_vent_hyper,174.0,no,0.0,flat,1.0,normal,>50_1
38.0,male,non_anginal,138.0,175.0,f,normal,173.0,no,0.0,up,,normal,<50
38.0,male,non_anginal,138.0,175.0,f,normal,173.0,no,0.0,up,,normal,<50
